reference_id,title,manual_type,reason,expected_path,source_url,previous_error
TEA-ATM-26C8A828DD,OVERDRIVE PLANETARY GEAR AND OVERDRIVE DIRECT CLUTCH INSPECTION,Automatic Transmission Manual,file missing,C:\Users\pangw\Downloads\Century_Manual_Archiver\Century_Manual_Archiver\Century_GZG50_Archive\PDFs\A_T Repair Manual [ A343E ]\AUTOMATIC TRANSMISSION\OVERDRIVE DIRECT CLUTCH\OVERDRIVE PLANETARY GEAR AND OVERDRIVE DIRECT CLUTCH INSPECTION [26c8a828dd6bd73f092780bbfd3c6d54].pdf,http://century.trinom.org/public/26c8a828dd6bd73f092780bbfd3c6d54.pdf,
TEA-ATM-A3030F404C,PLANETARY SUN GEAR AND NO.1 ONE-WAY CLUTCH ASSEMBLY,Automatic Transmission Manual,file missing,C:\Users\pangw\Downloads\Century_Manual_Archiver\Century_Manual_Archiver\Century_GZG50_Archive\PDFs\A_T Repair Manual [ A343E ]\AUTOMATIC TRANSMISSION\FRONT PLANETARY GEAR\PLANETARY SUN GEAR AND NO.1 ONE-WAY CLUTCH ASSEMBLY [a3030f404c6790595fbd520d476c210a].pdf,http://century.trinom.org/public/a3030f404c6790595fbd520d476c210a.pdf,
TEA-ATM-FFB540CFB3,"OVERDRIVE PLANETARY GEAR, OVERDRIVE DIRECT CLUTCH AND OVERDRIVE ONE-WAY CLUTCH ASSEMBLY",Automatic Transmission Manual,file missing,"C:\Users\pangw\Downloads\Century_Manual_Archiver\Century_Manual_Archiver\Century_GZG50_Archive\PDFs\A_T Repair Manual [ A343E ]\AUTOMATIC TRANSMISSION\OVERDRIVE DIRECT CLUTCH\OVERDRIVE PLANETARY GEAR, OVERDRIVE DIRECT CLUTCH AND OVERDRIVE ONE-WAY CLUTCH ASSEMBLY [ffb540cfb3bcb6b7fa1139e03491d48a].pdf",http://century.trinom.org/public/ffb540cfb3bcb6b7fa1139e03491d48a.pdf,
TEA-BRM-A388B5A7E2,"REAR FLOOR No.1 CROSSMEMBER, REAR FLOOR No.2 CROSSMEMBER (ASSY)",Body Repair Manual,file missing,"C:\Users\pangw\Downloads\Century_Manual_Archiver\Century_Manual_Archiver\Century_GZG50_Archive\PDFs\Body Repair Manual for Collision Damage\BODY PANEL REPLACEMENT\REAR FLOOR No.1 CROSSMEMBER, REAR FLOOR No.2 CROSSMEMBER (ASSY) [a388b5a7e20c52257f407f8f19d0f77e].pdf",http://century.trinom.org/public/a388b5a7e20c52257f407f8f19d0f77e.pdf,
TEA-BRM-ADD28F9436,FRONT SIDE MEMBER REAR No.1 INNER REINFORCEMENT (ASSY),Body Repair Manual,file missing,C:\Users\pangw\Downloads\Century_Manual_Archiver\Century_Manual_Archiver\Century_GZG50_Archive\PDFs\Body Repair Manual for Collision Damage\BODY PANEL REPLACEMENT\FRONT SIDE MEMBER REAR No.1 INNER REINFORCEMENT (ASSY) [add28f9436c3bb5002da9b5938a8219e].pdf,http://century.trinom.org/public/add28f9436c3bb5002da9b5938a8219e.pdf,
TEA-ERM-0747C051CE,Back Up Power Source Circuit ( 2001.12 - ) [ Only for Hong Kong ],Engine Repair Manual,file missing,C:\Users\pangw\Downloads\Century_Manual_Archiver\Century_Manual_Archiver\Century_GZG50_Archive\PDFs\Engine Repair Manual [ 1GZ-FE ]\DIAGNOSTICS\ENGINE\Back Up Power Source Circuit ( 2001.12 - ) [ Only for Hong Kong ] [0747c051ce67aa23f65f4d3183c13671].pdf,http://century.trinom.org/public/0747c051ce67aa23f65f4d3183c13671.pdf,
TEA-ERM-185CA3FC94,HOW TO DETERMINE NUT STRENGTH ( 2001.12 - ) [ Only for Hong Kong ],Engine Repair Manual,file missing,C:\Users\pangw\Downloads\Century_Manual_Archiver\Century_Manual_Archiver\Century_GZG50_Archive\PDFs\Engine Repair Manual [ 1GZ-FE ]\SERVICE SPECIFICATIONS\STANDARD BOLT\HOW TO DETERMINE NUT STRENGTH ( 2001.12 - ) [ Only for Hong Kong ] [185ca3fc947a090281ef72c3ced29e61].pdf,http://century.trinom.org/public/185ca3fc947a090281ef72c3ced29e61.pdf,
TEA-ERM-309D975964,HOW TO PROCEED WITH TROUBLESHOOTING,Engine Repair Manual,file missing,C:\Users\pangw\Downloads\Century_Manual_Archiver\Century_Manual_Archiver\Century_GZG50_Archive\PDFs\Engine Repair Manual [ 1GZ-FE ]\INTRODUCTION\HOW TO TROUBLESHOOT ECU CONTROLLED SYSTEMS\HOW TO PROCEED WITH TROUBLESHOOTING [309d975964d73a87a179d70ca9d5085d].pdf,http://century.trinom.org/public/309d975964d73a87a179d70ca9d5085d.pdf,
TEA-ERM-43FE3DF391,GENERAL INFORMATION ( 2001.12 - ) [ Only for Hong Kong ],Engine Repair Manual,file missing,C:\Users\pangw\Downloads\Century_Manual_Archiver\Century_Manual_Archiver\Century_GZG50_Archive\PDFs\Engine Repair Manual [ 1GZ-FE ]\INTRODUCTION\REPAIR INSTRUCTIONS\GENERAL INFORMATION ( 2001.12 - ) [ Only for Hong Kong ] [43fe3df3919a89d7b4a0740f099ca80d].pdf,http://century.trinom.org/public/43fe3df3919a89d7b4a0740f099ca80d.pdf,
TEA-ERM-4479C610F7,ON-VEHICLE INSPECTION,Engine Repair Manual,file missing,C:\Users\pangw\Downloads\Century_Manual_Archiver\Century_Manual_Archiver\Century_GZG50_Archive\PDFs\Engine Repair Manual [ 1GZ-FE ]\ELECTRONIC FUEL INJECTION\ACOUSTIC CONTROL INDUCTION SYSTEM (ACIS)\ON-VEHICLE INSPECTION [4479c610f7996ad1cd1eb7874128f8e8].pdf,http://century.trinom.org/public/4479c610f7996ad1cd1eb7874128f8e8.pdf,
TEA-ERM-478C235781,HOW TO USE THE DIAGNOSTIC CHART AND INSPECTION PROCEDURE ( 2001.12 - ) [ Only for Hong Kong ],Engine Repair Manual,file missing,C:\Users\pangw\Downloads\Century_Manual_Archiver\Century_Manual_Archiver\Century_GZG50_Archive\PDFs\Engine Repair Manual [ 1GZ-FE ]\INTRODUCTION\HOW TO TROUBLESHOOT ECU CONTROLLED SYSTEMS\HOW TO USE THE DIAGNOSTIC CHART AND INSPECTION PROCEDURE ( 2001.12 - ) [ Only for Hong Kong ] [478c235781e8af55f776f2827068420b].pdf,http://century.trinom.org/public/478c235781e8af55f776f2827068420b.pdf,
TEA-ERM-4D590D5850,DIAGNOSTIC TROUBLE CODE CHART ( 2001.12 - ) [ Only for Hong Kong ],Engine Repair Manual,file missing,C:\Users\pangw\Downloads\Century_Manual_Archiver\Century_Manual_Archiver\Century_GZG50_Archive\PDFs\Engine Repair Manual [ 1GZ-FE ]\DIAGNOSTICS\ENGINE\DIAGNOSTIC TROUBLE CODE CHART ( 2001.12 - ) [ Only for Hong Kong ] [4d590d58500e95953c7a5a0d99be9175].pdf,http://century.trinom.org/public/4d590d58500e95953c7a5a0d99be9175.pdf,
TEA-ERM-50876C2A19,HOW TO USE THE DIAGNOSTIC CHART AND INSPECTION PROCEDURE,Engine Repair Manual,file missing,C:\Users\pangw\Downloads\Century_Manual_Archiver\Century_Manual_Archiver\Century_GZG50_Archive\PDFs\Engine Repair Manual [ 1GZ-FE ]\INTRODUCTION\HOW TO TROUBLESHOOT ECU CONTROLLED SYSTEMS\HOW TO USE THE DIAGNOSTIC CHART AND INSPECTION PROCEDURE [50876c2a1944e0ca5282f13d1ff6004c].pdf,http://century.trinom.org/public/50876c2a1944e0ca5282f13d1ff6004c.pdf,
TEA-ERM-55532B8C2E,COMPONENTS ( 2001.12 - ) [ Only for Hong Kong ],Engine Repair Manual,file missing,C:\Users\pangw\Downloads\Century_Manual_Archiver\Century_Manual_Archiver\Century_GZG50_Archive\PDFs\Engine Repair Manual [ 1GZ-FE ]\EMISSION CONTROL\THREE-WAY CATALYTIC CONVERTER (TWC) SYSTEM\COMPONENTS ( 2001.12 - ) [ Only for Hong Kong ] [55532b8c2e3a55a29ae7b04a62fcf1bc].pdf,http://century.trinom.org/public/55532b8c2e3a55a29ae7b04a62fcf1bc.pdf,
TEA-ERM-56180CE2C7,ABBREVIATIONS USED IN THIS MANUAL ( 2001.12 - ) [ Only for Hong Kong ],Engine Repair Manual,file missing,C:\Users\pangw\Downloads\Century_Manual_Archiver\Century_Manual_Archiver\Century_GZG50_Archive\PDFs\Engine Repair Manual [ 1GZ-FE ]\INTRODUCTION\TERMS\ABBREVIATIONS USED IN THIS MANUAL ( 2001.12 - ) [ Only for Hong Kong ] [56180ce2c7b178b5ab8a51e73c82bb3e].pdf,http://century.trinom.org/public/56180ce2c7b178b5ab8a51e73c82bb3e.pdf,
TEA-ERM-6A54B88A47,ENGINE SERIAL NUMBER ( 2001.12 - ) [ Only for Hong Kong ],Engine Repair Manual,file missing,C:\Users\pangw\Downloads\Century_Manual_Archiver\Century_Manual_Archiver\Century_GZG50_Archive\PDFs\Engine Repair Manual [ 1GZ-FE ]\INTRODUCTION\IDENTIFICATION INFORMATION\ENGINE SERIAL NUMBER ( 2001.12 - ) [ Only for Hong Kong ] [6a54b88a475407434f7239ef7bc2d616].pdf,http://century.trinom.org/public/6a54b88a475407434f7239ef7bc2d616.pdf,
TEA-ERM-709AC8C0F2,TORQUE SPECIFICATION ( 2001.12 - ) [ Only for Hong Kong ],Engine Repair Manual,file missing,C:\Users\pangw\Downloads\Century_Manual_Archiver\Century_Manual_Archiver\Century_GZG50_Archive\PDFs\Engine Repair Manual [ 1GZ-FE ]\SERVICE SPECIFICATIONS\EMISSION CONTROL\TORQUE SPECIFICATION ( 2001.12 - ) [ Only for Hong Kong ] [709ac8c0f203db8bb1be37310156b521].pdf,http://century.trinom.org/public/709ac8c0f203db8bb1be37310156b521.pdf,
TEA-ERM-77441D2FF2,GENERAL INFORMATION ( 2001.12 - ) [ Only for Hong Kong ],Engine Repair Manual,file missing,C:\Users\pangw\Downloads\Century_Manual_Archiver\Century_Manual_Archiver\Century_GZG50_Archive\PDFs\Engine Repair Manual [ 1GZ-FE ]\INTRODUCTION\HOW TO USE THIS MANUAL\GENERAL INFORMATION ( 2001.12 - ) [ Only for Hong Kong ] [77441d2ff23358edb3824dc20724d63d].pdf,http://century.trinom.org/public/77441d2ff23358edb3824dc20724d63d.pdf,
TEA-ERM-827E1700E9,INSPECTION,Engine Repair Manual,file missing,C:\Users\pangw\Downloads\Century_Manual_Archiver\Century_Manual_Archiver\Century_GZG50_Archive\PDFs\Engine Repair Manual [ 1GZ-FE ]\ELECTRONIC FUEL INJECTION\VSV FOR ACOUSTIC CONTROL INDUCTION SYSTEM (ACIS)\INSPECTION [827e1700e9273ae0646ca7a040fafec5].pdf,http://century.trinom.org/public/827e1700e9273ae0646ca7a040fafec5.pdf,
TEA-ERM-8989110299,HOW TO PROCEED WITH TROUBLESHOOTING ( 2001.12 - ) [ Only for Hong Kong ],Engine Repair Manual,file missing,C:\Users\pangw\Downloads\Century_Manual_Archiver\Century_Manual_Archiver\Century_GZG50_Archive\PDFs\Engine Repair Manual [ 1GZ-FE ]\DIAGNOSTICS\ENGINE\HOW TO PROCEED WITH TROUBLESHOOTING ( 2001.12 - ) [ Only for Hong Kong ] [8989110299f71f104294b93842d36875].pdf,http://century.trinom.org/public/8989110299f71f104294b93842d36875.pdf,
TEA-ERM-A53E01C988,TORQUE SPECIFICATION ( 2001.12 - ) [ Only for Hong Kong ],Engine Repair Manual,file missing,C:\Users\pangw\Downloads\Century_Manual_Archiver\Century_Manual_Archiver\Century_GZG50_Archive\PDFs\Engine Repair Manual [ 1GZ-FE ]\SERVICE SPECIFICATIONS\ENGINE MECHANICAL\TORQUE SPECIFICATION ( 2001.12 - ) [ Only for Hong Kong ] [a53e01c9888f75d059c7bf0bd56afd18].pdf,http://century.trinom.org/public/a53e01c9888f75d059c7bf0bd56afd18.pdf,
TEA-ERM-A96847A08D,HOW TO DETERMINE BOLT STRENGTH ( 2001.12 - ) [ Only for Hong Kong ],Engine Repair Manual,file missing,C:\Users\pangw\Downloads\Century_Manual_Archiver\Century_Manual_Archiver\Century_GZG50_Archive\PDFs\Engine Repair Manual [ 1GZ-FE ]\SERVICE SPECIFICATIONS\STANDARD BOLT\HOW TO DETERMINE BOLT STRENGTH ( 2001.12 - ) [ Only for Hong Kong ] [a96847a08d623ab72c3c1f85f51ad174].pdf,http://century.trinom.org/public/a96847a08d623ab72c3c1f85f51ad174.pdf,
TEA-ERM-ABE223687C,CUSTOMER PROBLEM ANALYSIS CHECK ( 2001.12 - ) [ Only for Hong Kong ],Engine Repair Manual,file missing,C:\Users\pangw\Downloads\Century_Manual_Archiver\Century_Manual_Archiver\Century_GZG50_Archive\PDFs\Engine Repair Manual [ 1GZ-FE ]\DIAGNOSTICS\ENGINE\CUSTOMER PROBLEM ANALYSIS CHECK ( 2001.12 - ) [ Only for Hong Kong ] [abe223687c67f8f1976867bf7d8cdca8].pdf,http://century.trinom.org/public/abe223687c67f8f1976867bf7d8cdca8.pdf,
TEA-ERM-D9D6B18DF4,COMPONENTS,Engine Repair Manual,file missing,C:\Users\pangw\Downloads\Century_Manual_Archiver\Century_Manual_Archiver\Century_GZG50_Archive\PDFs\Engine Repair Manual [ 1GZ-FE ]\ELECTRONIC FUEL INJECTION\VSV FOR ACOUSTIC CONTROL INDUCTION SYSTEM (ACIS)\COMPONENTS [d9d6b18df4fcfbac87ffc5b1de0aa908].pdf,http://century.trinom.org/public/d9d6b18df4fcfbac87ffc5b1de0aa908.pdf,
TEA-ERM-DAA6B5E3BF,SPECIFIED TORQUE FOR STANDARD BOLTS ( 2001.12 - ) [ Only for Hong Kong ],Engine Repair Manual,file missing,C:\Users\pangw\Downloads\Century_Manual_Archiver\Century_Manual_Archiver\Century_GZG50_Archive\PDFs\Engine Repair Manual [ 1GZ-FE ]\SERVICE SPECIFICATIONS\STANDARD BOLT\SPECIFIED TORQUE FOR STANDARD BOLTS ( 2001.12 - ) [ Only for Hong Kong ] [daa6b5e3bf1246f559f3a80e6d2373c1].pdf,http://century.trinom.org/public/daa6b5e3bf1246f559f3a80e6d2373c1.pdf,
TEA-ERM-EF8F5B5101,ON-VEHICLE INSPECTION,Engine Repair Manual,file missing,C:\Users\pangw\Downloads\Century_Manual_Archiver\Century_Manual_Archiver\Century_GZG50_Archive\PDFs\Engine Repair Manual [ 1GZ-FE ]\COOLING\ELECTRONICALLY CONTROLLED HYDRAULIC COOLING FAN SYSTEM\ON-VEHICLE INSPECTION [ef8f5b510195d315f88f073e64368a43].pdf,http://century.trinom.org/public/ef8f5b510195d315f88f073e64368a43.pdf,
TEA-ERM-FBA103E57D,GENERAL INFORMATION ( 2001.12 - ) [ Only for Hong Kong ],Engine Repair Manual,file missing,C:\Users\pangw\Downloads\Century_Manual_Archiver\Century_Manual_Archiver\Century_GZG50_Archive\PDFs\Engine Repair Manual [ 1GZ-FE ]\INTRODUCTION\HOW TO TROUBLESHOOT ECU CONTROLLED SYSTEMS\GENERAL INFORMATION ( 2001.12 - ) [ Only for Hong Kong ] [fba103e57d78bda957bdaa94c322ee9a].pdf,http://century.trinom.org/public/fba103e57d78bda957bdaa94c322ee9a.pdf,
TEA-ERM-FEAC4A424B,HOW TO PROCEED WITH TROUBLESHOOTING ( 2001.12 - ) [ Only for Hong Kong ],Engine Repair Manual,file missing,C:\Users\pangw\Downloads\Century_Manual_Archiver\Century_Manual_Archiver\Century_GZG50_Archive\PDFs\Engine Repair Manual [ 1GZ-FE ]\INTRODUCTION\HOW TO TROUBLESHOOT ECU CONTROLLED SYSTEMS\HOW TO PROCEED WITH TROUBLESHOOTING ( 2001.12 - ) [ Only for Hong Kong ] [feac4a424b3e347c2fe7c8d362b34e1f].pdf,http://century.trinom.org/public/feac4a424b3e347c2fe7c8d362b34e1f.pdf,
TEA-EWD-09F119E8F2,Combination Meter ( 1998.10 - 2001.11 ),Electrical Wiring Diagram,file missing,C:\Users\pangw\Downloads\Century_Manual_Archiver\Century_Manual_Archiver\Century_GZG50_Archive\PDFs\Electrical Wiring Diagram\OVERALL ELECTRICAL WIRING DIAGRAM\Multiplex Communication System\Combination Meter ( 1998.10 - 2001.11 ) [09f119e8f2f2852b2857bf6bb3803f63].pdf,http://century.trinom.org/public/09f119e8f2f2852b2857bf6bb3803f63.pdf,
TEA-EWD-0BB2FDC608,Communication Bus (BE-2002: 2001.12 - ),Electrical Wiring Diagram,file missing,C:\Users\pangw\Downloads\Century_Manual_Archiver\Century_Manual_Archiver\Century_GZG50_Archive\PDFs\Electrical Wiring Diagram\OVERALL ELECTRICAL WIRING DIAGRAM\Multiplex Communication System\Communication Bus (BE-2002_ 2001.12 - ) [0bb2fdc608b3dcb60cf33640b0f17f7b].pdf,http://century.trinom.org/public/0bb2fdc608b3dcb60cf33640b0f17f7b.pdf,
TEA-EWD-12B5E4F9D3,Door ECU (RHD) ( 1998.10 - ),Electrical Wiring Diagram,file missing,C:\Users\pangw\Downloads\Century_Manual_Archiver\Century_Manual_Archiver\Century_GZG50_Archive\PDFs\Electrical Wiring Diagram\OVERALL ELECTRICAL WIRING DIAGRAM\Multiplex Communication System\Door ECU (RHD) ( 1998.10 - ) [12b5e4f9d323b719183d67145c0f295f].pdf,http://century.trinom.org/public/12b5e4f9d323b719183d67145c0f295f.pdf,
TEA-EWD-1F9A4FDC2B,Body ECU (BE-2002: 2001.12 - ),Electrical Wiring Diagram,file missing,C:\Users\pangw\Downloads\Century_Manual_Archiver\Century_Manual_Archiver\Century_GZG50_Archive\PDFs\Electrical Wiring Diagram\OVERALL ELECTRICAL WIRING DIAGRAM\Multiplex Communication System\Body ECU (BE-2002_ 2001.12 - ) [1f9a4fdc2b9f3a0ce69ccba73396e151].pdf,http://century.trinom.org/public/1f9a4fdc2b9f3a0ce69ccba73396e151.pdf,
TEA-EWD-360D1A53BA,Door ECU (LHD) ( 1998.10 - ),Electrical Wiring Diagram,file missing,C:\Users\pangw\Downloads\Century_Manual_Archiver\Century_Manual_Archiver\Century_GZG50_Archive\PDFs\Electrical Wiring Diagram\OVERALL ELECTRICAL WIRING DIAGRAM\Multiplex Communication System\Door ECU (LHD) ( 1998.10 - ) [360d1a53ba9db60b0bcf843099c1c37b].pdf,http://century.trinom.org/public/360d1a53ba9db60b0bcf843099c1c37b.pdf,
TEA-EWD-438D9242ED,Body ECU ( 1998.10 - 2001.11 ),Electrical Wiring Diagram,file missing,C:\Users\pangw\Downloads\Century_Manual_Archiver\Century_Manual_Archiver\Century_GZG50_Archive\PDFs\Electrical Wiring Diagram\OVERALL ELECTRICAL WIRING DIAGRAM\Multiplex Communication System\Body ECU ( 1998.10 - 2001.11 ) [438d9242edb51310d22c80399a60ee34].pdf,http://century.trinom.org/public/438d9242edb51310d22c80399a60ee34.pdf,
TEA-EWD-AFE2CB70A9,Communication Bus ( 1998.10 - 2001.11 ),Electrical Wiring Diagram,file missing,C:\Users\pangw\Downloads\Century_Manual_Archiver\Century_Manual_Archiver\Century_GZG50_Archive\PDFs\Electrical Wiring Diagram\OVERALL ELECTRICAL WIRING DIAGRAM\Multiplex Communication System\Communication Bus ( 1998.10 - 2001.11 ) [afe2cb70a966eb62de6bc1c467bf3800].pdf,http://century.trinom.org/public/afe2cb70a966eb62de6bc1c467bf3800.pdf,
TEA-EWD-B3C701E757,Combination Meter (BE-2002: 2001.12 - ),Electrical Wiring Diagram,file missing,C:\Users\pangw\Downloads\Century_Manual_Archiver\Century_Manual_Archiver\Century_GZG50_Archive\PDFs\Electrical Wiring Diagram\OVERALL ELECTRICAL WIRING DIAGRAM\Multiplex Communication System\Combination Meter (BE-2002_ 2001.12 - ) [b3c701e757dc98e4f19dc05463779f7a].pdf,http://century.trinom.org/public/b3c701e757dc98e4f19dc05463779f7a.pdf,
TEA-EWD-C6032A1207,Rear J/B ECU ( 1998.10 - ),Electrical Wiring Diagram,file missing,C:\Users\pangw\Downloads\Century_Manual_Archiver\Century_Manual_Archiver\Century_GZG50_Archive\PDFs\Electrical Wiring Diagram\OVERALL ELECTRICAL WIRING DIAGRAM\Multiplex Communication System\Rear J_B ECU ( 1998.10 - ) [c6032a12077d1658daa5f6f4b5286457].pdf,http://century.trinom.org/public/c6032a12077d1658daa5f6f4b5286457.pdf,
TEA-RM-0156D97415,Vertical Power Seat Motor and Position Sensor Circuit,Repair Manual,file missing,C:\Users\pangw\Downloads\Century_Manual_Archiver\Century_Manual_Archiver\Century_GZG50_Archive\PDFs\Repair Manual\DIAGNOSTICS\POWER SEAT CONTROL SYSTEM (Rear Seat)\Vertical Power Seat Motor and Position Sensor Circuit [0156d9741599ff37e7a53d3b18da8f4f].pdf,http://century.trinom.org/public/0156d9741599ff37e7a53d3b18da8f4f.pdf,
TEA-RM-1536600811,SLIP Indicator Light Circuit,Repair Manual,file missing,C:\Users\pangw\Downloads\Century_Manual_Archiver\Century_Manual_Archiver\Century_GZG50_Archive\PDFs\Repair Manual\DIAGNOSTICS\ABS & BA & TRC & VSC SYSTEM ( 2001.12 - ) [ Only for Hong Kong ]\SLIP Indicator Light Circuit [1536600811fb2e7f2d5c775763060815].pdf,http://century.trinom.org/public/1536600811fb2e7f2d5c775763060815.pdf,
TEA-RM-2D389C4F42,HOW TO PROCEED WITH TROUBLESHOOTING,Repair Manual,file missing,C:\Users\pangw\Downloads\Century_Manual_Archiver\Century_Manual_Archiver\Century_GZG50_Archive\PDFs\Repair Manual\DIAGNOSTICS\ABS & BA & TRC & VSC SYSTEM ( 2001.12 - ) [ Only for Hong Kong ]\HOW TO PROCEED WITH TROUBLESHOOTING [2d389c4f42dac976a29f714abea1c791].pdf,http://century.trinom.org/public/2d389c4f42dac976a29f714abea1c791.pdf,
TEA-RM-392DAED322,VEHICLE LIFT AND SUPPORT LOCATIONS ( 2001.12 - ) [ Only for Hong Kong ],Repair Manual,file missing,C:\Users\pangw\Downloads\Century_Manual_Archiver\Century_Manual_Archiver\Century_GZG50_Archive\PDFs\Repair Manual\INTRODUCTION\REPAIR INSTRUCTIONS\VEHICLE LIFT AND SUPPORT LOCATIONS ( 2001.12 - ) [ Only for Hong Kong ] [392daed3226468c051e62097b27d15b5].pdf,http://century.trinom.org/public/392daed3226468c051e62097b27d15b5.pdf,
TEA-RM-393396E22B,17. No indication of blown bulb even if rear combination light bulb has been blown.,Repair Manual,file missing,C:\Users\pangw\Downloads\Century_Manual_Archiver\Century_Manual_Archiver\Century_GZG50_Archive\PDFs\Repair Manual\DIAGNOSTICS\COMBINATION METER SYSTEM\17. No indication of blown bulb even if rear combination light bulb has been blown [393396e22b9223f12c6d71bbaf48a061].pdf,http://century.trinom.org/public/393396e22b9223f12c6d71bbaf48a061.pdf,
TEA-RM-3FA8ED1F19,CUSTOMER PROBLEM ANALYSIS CHECK,Repair Manual,file missing,C:\Users\pangw\Downloads\Century_Manual_Archiver\Century_Manual_Archiver\Century_GZG50_Archive\PDFs\Repair Manual\DIAGNOSTICS\ABS & BA & TRC & VSC SYSTEM ( 2001.12 - ) [ Only for Hong Kong ]\CUSTOMER PROBLEM ANALYSIS CHECK [3fa8ed1f19bf9338c83b23496c8f5487].pdf,http://century.trinom.org/public/3fa8ed1f19bf9338c83b23496c8f5487.pdf,
TEA-RM-5AB172D4B4,Cool Air Bypass Damper Control Servomotor Circuit (Passenger Side),Repair Manual,file missing,C:\Users\pangw\Downloads\Century_Manual_Archiver\Century_Manual_Archiver\Century_GZG50_Archive\PDFs\Repair Manual\DIAGNOSTICS\AIR CONDITIONING SYSTEM\Cool Air Bypass Damper Control Servomotor Circuit (Passenger Side) [5ab172d4b4c9184a8e4f28271a4a7653].pdf,http://century.trinom.org/public/5ab172d4b4c9184a8e4f28271a4a7653.pdf,
TEA-RM-5C20F44761,ABS Warning Light Circuit,Repair Manual,file missing,C:\Users\pangw\Downloads\Century_Manual_Archiver\Century_Manual_Archiver\Century_GZG50_Archive\PDFs\Repair Manual\DIAGNOSTICS\ABS & BA & TRC & VSC SYSTEM ( 2001.12 - ) [ Only for Hong Kong ]\ABS Warning Light Circuit [5c20f447615390e92c520dd5ca5aede7].pdf,http://century.trinom.org/public/5c20f447615390e92c520dd5ca5aede7.pdf,
TEA-RM-5D4594A1E8,HOW TO PROCEED WITH TROUBLESHOOTING ( 2001.12 - ) [ Only for Hong Kong ],Repair Manual,file missing,C:\Users\pangw\Downloads\Century_Manual_Archiver\Century_Manual_Archiver\Century_GZG50_Archive\PDFs\Repair Manual\INTRODUCTION\HOW TO TROUBLESHOOT ECU CONTROLLED SYSTEMS\HOW TO PROCEED WITH TROUBLESHOOTING ( 2001.12 - ) [ Only for Hong Kong ] [5d4594a1e807123ac19adbcde5340d4d].pdf,http://century.trinom.org/public/5d4594a1e807123ac19adbcde5340d4d.pdf,
TEA-RM-77545D7E07,HOW TO DETERMINE NUT STRENGTH ( 2001.12 - ) [ Only for Hong Kong ],Repair Manual,file missing,C:\Users\pangw\Downloads\Century_Manual_Archiver\Century_Manual_Archiver\Century_GZG50_Archive\PDFs\Repair Manual\SERVICE SPECIFICATIONS\STANDARD BOLT\HOW TO DETERMINE NUT STRENGTH ( 2001.12 - ) [ Only for Hong Kong ] [77545d7e07f7ee9b6e94b33f414f4105].pdf,http://century.trinom.org/public/77545d7e07f7ee9b6e94b33f414f4105.pdf,
TEA-RM-79D0F80EB2,"Headrest, Neck Rest and Lumbar Support Motor Circuit",Repair Manual,file missing,"C:\Users\pangw\Downloads\Century_Manual_Archiver\Century_Manual_Archiver\Century_GZG50_Archive\PDFs\Repair Manual\DIAGNOSTICS\POWER SEAT CONTROL SYSTEM (Rear Seat)\Headrest, Neck Rest and Lumbar Support Motor Circuit [79d0f80eb25f073b9207b9b0652691f1].pdf",http://century.trinom.org/public/79d0f80eb25f073b9207b9b0652691f1.pdf,
TEA-RM-7CB2BF0599,"TRC OFF Indicator, TRC Cut Switch Circuit",Repair Manual,file missing,"C:\Users\pangw\Downloads\Century_Manual_Archiver\Century_Manual_Archiver\Century_GZG50_Archive\PDFs\Repair Manual\DIAGNOSTICS\ABS & BA & TRC & VSC SYSTEM ( 2001.12 - ) [ Only for Hong Kong ]\TRC OFF Indicator, TRC Cut Switch Circuit [7cb2bf0599b3df6aeaa8f0dfb35158ff].pdf",http://century.trinom.org/public/7cb2bf0599b3df6aeaa8f0dfb35158ff.pdf,
TEA-RM-945745E0E1,HOW TO USE THE DIAGNOSTIC CHART AND INSPECTION PROCEDURE,Repair Manual,file missing,C:\Users\pangw\Downloads\Century_Manual_Archiver\Century_Manual_Archiver\Century_GZG50_Archive\PDFs\Repair Manual\INTRODUCTION\HOW TO TROUBLESHOOT ECU CONTROLLED SYSTEMS\HOW TO USE THE DIAGNOSTIC CHART AND INSPECTION PROCEDURE [945745e0e111a32998d3b49957e94e57].pdf,http://century.trinom.org/public/945745e0e111a32998d3b49957e94e57.pdf,
TEA-RM-95790CC0C0,4. Non-lighting of meter illumination and pointer (water temperature and fuel),Repair Manual,file missing,C:\Users\pangw\Downloads\Century_Manual_Archiver\Century_Manual_Archiver\Century_GZG50_Archive\PDFs\Repair Manual\DIAGNOSTICS\COMBINATION METER SYSTEM\4. Non-lighting of meter illumination and pointer (water temperature and fuel) [95790cc0c0a0cbdb3ee1b3cf3e734ff9].pdf,http://century.trinom.org/public/95790cc0c0a0cbdb3ee1b3cf3e734ff9.pdf,
TEA-RM-9596EF3588,HOW TO USE THE DIAGNOSTIC CHART AND INSPECTION PROCEDURE ( 2001.12 - ) [ Only for Hong Kong ],Repair Manual,file missing,C:\Users\pangw\Downloads\Century_Manual_Archiver\Century_Manual_Archiver\Century_GZG50_Archive\PDFs\Repair Manual\INTRODUCTION\HOW TO TROUBLESHOOT ECU CONTROLLED SYSTEMS\HOW TO USE THE DIAGNOSTIC CHART AND INSPECTION PROCEDURE ( 2001.12 - ) [ Only for Hong Kong ] [9596ef3588995b86c0919a185250fb4c].pdf,http://century.trinom.org/public/9596ef3588995b86c0919a185250fb4c.pdf,
TEA-RM-9A1FB8A912,HOW TO DETERMINE BOLT STRENGTH ( 2001.12 - ) [ Only for Hong Kong ],Repair Manual,file missing,C:\Users\pangw\Downloads\Century_Manual_Archiver\Century_Manual_Archiver\Century_GZG50_Archive\PDFs\Repair Manual\SERVICE SPECIFICATIONS\STANDARD BOLT\HOW TO DETERMINE BOLT STRENGTH ( 2001.12 - ) [ Only for Hong Kong ] [9a1fb8a91284912f61321091a3e2bf4d].pdf,http://century.trinom.org/public/9a1fb8a91284912f61321091a3e2bf4d.pdf,
TEA-RM-9B656B3CEC,1. Check of communications between combination meter and body ECU.,Repair Manual,file missing,C:\Users\pangw\Downloads\Century_Manual_Archiver\Century_Manual_Archiver\Century_GZG50_Archive\PDFs\Repair Manual\DIAGNOSTICS\COMBINATION METER SYSTEM\1. Check of communications between combination meter and body ECU [9b656b3cec8d6bafe6d3255694040b27].pdf,http://century.trinom.org/public/9b656b3cec8d6bafe6d3255694040b27.pdf,
TEA-RM-ACE12F649C,VSC Warning Light Circuit,Repair Manual,file missing,C:\Users\pangw\Downloads\Century_Manual_Archiver\Century_Manual_Archiver\Century_GZG50_Archive\PDFs\Repair Manual\DIAGNOSTICS\ABS & BA & TRC & VSC SYSTEM ( 2001.12 - ) [ Only for Hong Kong ]\VSC Warning Light Circuit [ace12f649c5b4e4656127edce30a16b4].pdf,http://century.trinom.org/public/ace12f649c5b4e4656127edce30a16b4.pdf,
TEA-RM-B9AEA9AEC3,SPECIFIED TORQUE FOR STANDARD BOLTS ( 2001.12 - ) [ Only for Hong Kong ],Repair Manual,file missing,C:\Users\pangw\Downloads\Century_Manual_Archiver\Century_Manual_Archiver\Century_GZG50_Archive\PDFs\Repair Manual\SERVICE SPECIFICATIONS\STANDARD BOLT\SPECIFIED TORQUE FOR STANDARD BOLTS ( 2001.12 - ) [ Only for Hong Kong ] [b9aea9aec3413bb8247300d0879c4701].pdf,http://century.trinom.org/public/b9aea9aec3413bb8247300d0879c4701.pdf,
TEA-RM-CAC51A277D,6. Intensity of meter and pointer illuminations does not change by adjusting the light control rheostat.,Repair Manual,file missing,C:\Users\pangw\Downloads\Century_Manual_Archiver\Century_Manual_Archiver\Century_GZG50_Archive\PDFs\Repair Manual\DIAGNOSTICS\COMBINATION METER SYSTEM\6. Intensity of meter and pointer illuminations does not change by adjusting the light control rheostat [cac51a277d42c4f4e57aa7b38fa62e58].pdf,http://century.trinom.org/public/cac51a277d42c4f4e57aa7b38fa62e58.pdf,
TEA-RM-D308D6CBF6,9. Water temperature gauge stays at the same position or does not function correctly.,Repair Manual,file missing,C:\Users\pangw\Downloads\Century_Manual_Archiver\Century_Manual_Archiver\Century_GZG50_Archive\PDFs\Repair Manual\DIAGNOSTICS\COMBINATION METER SYSTEM\9. Water temperature gauge stays at the same position or does not function correctly [d308d6cbf6d47a420975960d8a71e2e5].pdf,http://century.trinom.org/public/d308d6cbf6d47a420975960d8a71e2e5.pdf,
TEA-RM-D92F507014,VEHICLE IDENTIFICATION AND ENGINE SERIAL NUMBER ( 2001.12 - ) [ Only for Hong Kong ],Repair Manual,file missing,C:\Users\pangw\Downloads\Century_Manual_Archiver\Century_Manual_Archiver\Century_GZG50_Archive\PDFs\Repair Manual\INTRODUCTION\IDENTIFICATION INFORMATION\VEHICLE IDENTIFICATION AND ENGINE SERIAL NUMBER ( 2001.12 - ) [ Only for Hong Kong ] [d92f507014633c00b6ffdc9271d86b65].pdf,http://century.trinom.org/public/d92f507014633c00b6ffdc9271d86b65.pdf,
TEA-RM-D9C17F21E8,DIAGNOSTIC TROUBLE CODE CHART,Repair Manual,file missing,C:\Users\pangw\Downloads\Century_Manual_Archiver\Century_Manual_Archiver\Century_GZG50_Archive\PDFs\Repair Manual\DIAGNOSTICS\ABS & BA & TRC & VSC SYSTEM ( 2001.12 - ) [ Only for Hong Kong ]\DIAGNOSTIC TROUBLE CODE CHART [d9c17f21e8435f700f49ce468e088356].pdf,http://century.trinom.org/public/d9c17f21e8435f700f49ce468e088356.pdf,
TEA-RM-E091B7A39D,HOW TO PROCEED WITH TROUBLESHOOTING,Repair Manual,file missing,C:\Users\pangw\Downloads\Century_Manual_Archiver\Century_Manual_Archiver\Century_GZG50_Archive\PDFs\Repair Manual\DIAGNOSTICS\ANTI-LOCK BRAKE SYSTEM\HOW TO PROCEED WITH TROUBLESHOOTING [e091b7a39dcef84d3bfcd294b08ab199].pdf,http://century.trinom.org/public/e091b7a39dcef84d3bfcd294b08ab199.pdf,
TEA-RM-E7D23385D2,Door courtesy switch circuit (Body control ECU communication circuit),Repair Manual,file missing,C:\Users\pangw\Downloads\Century_Manual_Archiver\Century_Manual_Archiver\Century_GZG50_Archive\PDFs\Repair Manual\DIAGNOSTICS\ENGINE IMMOBILISER SYSTEM\Door courtesy switch circuit (Body control ECU communication circuit) [e7d23385d2addf4ce79c5f78efd891a5].pdf,http://century.trinom.org/public/e7d23385d2addf4ce79c5f78efd891a5.pdf,
TEA-RM-E926757B48,VSC Warning Buzzer Circuit,Repair Manual,file missing,C:\Users\pangw\Downloads\Century_Manual_Archiver\Century_Manual_Archiver\Century_GZG50_Archive\PDFs\Repair Manual\DIAGNOSTICS\ABS & BA & TRC & VSC SYSTEM ( 2001.12 - ) [ Only for Hong Kong ]\VSC Warning Buzzer Circuit [e926757b48f5a33b4d885a47a7f220ae].pdf,http://century.trinom.org/public/e926757b48f5a33b4d885a47a7f220ae.pdf,
TEA-RM-FC2F831B48,GENERAL INFORMATION ( 2001.12 - ) [ Only for Hong Kong ],Repair Manual,file missing,C:\Users\pangw\Downloads\Century_Manual_Archiver\Century_Manual_Archiver\Century_GZG50_Archive\PDFs\Repair Manual\INTRODUCTION\HOW TO TROUBLESHOOT ECU CONTROLLED SYSTEMS\GENERAL INFORMATION ( 2001.12 - ) [ Only for Hong Kong ] [fc2f831b48af5921d0b4292b3f571781].pdf,http://century.trinom.org/public/fc2f831b48af5921d0b4292b3f571781.pdf,
