reference_id,title,manual_type_normalized,system_name,page_count,text_page_count,image_only_page_count,resolved_local_path
TEA-ATM-CA10A76D24,ABBREVIATIONS USED IN THIS MANUAL,Automatic Transmission Manual,Transmission,1,0,1,C:\Users\pangw\Downloads\Century_Manual_Archiver\Century_Manual_Archiver\Century_GZG50_Archive\PDFs\A_T Repair Manual [ A343E ]\INTRODUCTION\ABBREVIATIONS USED IN THIS MANUAL [ca10a76d244fe58d469ea58d6d63e335].pdf
TEA-ATM-24849DCEB3,BASIC SUBASSEMBLY REASSEMBLY,Automatic Transmission Manual,Transmission,21,0,21,C:\Users\pangw\Downloads\Century_Manual_Archiver\Century_Manual_Archiver\Century_GZG50_Archive\PDFs\A_T Repair Manual [ A343E ]\AUTOMATIC TRANSMISSION\COMPONENT PARTS INSTALLATION\BASIC SUBASSEMBLY REASSEMBLY [24849dceb30291b659acabec02974b1e].pdf
TEA-ATM-741120EA0F,COMPONENT PARTS INSTALLATION,Automatic Transmission Manual,Transmission,2,0,2,C:\Users\pangw\Downloads\Century_Manual_Archiver\Century_Manual_Archiver\Century_GZG50_Archive\PDFs\A_T Repair Manual [ A343E ]\AUTOMATIC TRANSMISSION\COMPONENT PARTS INSTALLATION\COMPONENT PARTS INSTALLATION [741120ea0f6d5ba5ee5689f8acaa6725].pdf
TEA-ATM-BE6954AD27,COMPONENTS,Automatic Transmission Manual,Transmission,2,0,2,C:\Users\pangw\Downloads\Century_Manual_Archiver\Century_Manual_Archiver\Century_GZG50_Archive\PDFs\A_T Repair Manual [ A343E ]\AUTOMATIC TRANSMISSION\COMPONENT PARTS REMOVAL\COMPONENTS [be6954ad27235191f1ba776b3c1a1835].pdf
TEA-ATM-0E255704FC,COMPONENTS,Automatic Transmission Manual,Transmission,3,0,3,C:\Users\pangw\Downloads\Century_Manual_Archiver\Century_Manual_Archiver\Century_GZG50_Archive\PDFs\A_T Repair Manual [ A343E ]\AUTOMATIC TRANSMISSION\OIL PUMP\COMPONENTS [0e255704fc00df376e436545b0828408].pdf
TEA-ATM-AE02D282B6,COMPONENTS,Automatic Transmission Manual,Transmission,2,0,2,C:\Users\pangw\Downloads\Century_Manual_Archiver\Century_Manual_Archiver\Century_GZG50_Archive\PDFs\A_T Repair Manual [ A343E ]\AUTOMATIC TRANSMISSION\SECOND COAST BRAKE\COMPONENTS [ae02d282b652ea5a8b2128f9707bddb7].pdf
TEA-ATM-6058794E80,COMPONENTS,Automatic Transmission Manual,Transmission,4,0,4,C:\Users\pangw\Downloads\Century_Manual_Archiver\Century_Manual_Archiver\Century_GZG50_Archive\PDFs\A_T Repair Manual [ A343E ]\AUTOMATIC TRANSMISSION\OVERDRIVE DIRECT CLUTCH\COMPONENTS [6058794e80ea89705e88adeb4cfb987a].pdf
TEA-ATM-1CE0847509,COMPONENTS,Automatic Transmission Manual,Transmission,2,0,2,C:\Users\pangw\Downloads\Century_Manual_Archiver\Century_Manual_Archiver\Century_GZG50_Archive\PDFs\A_T Repair Manual [ A343E ]\AUTOMATIC TRANSMISSION\OVERDRIVE BRAKE\COMPONENTS [1ce08475090a6d4a219b393025717920].pdf
TEA-ATM-3BEC76D679,COMPONENTS,Automatic Transmission Manual,Transmission,3,0,3,C:\Users\pangw\Downloads\Century_Manual_Archiver\Century_Manual_Archiver\Century_GZG50_Archive\PDFs\A_T Repair Manual [ A343E ]\AUTOMATIC TRANSMISSION\DIRECT CLUTH\COMPONENTS [3bec76d67967a3daabf1432176240a4b].pdf
TEA-ATM-DF1082A640,COMPONENTS,Automatic Transmission Manual,Transmission,3,0,3,C:\Users\pangw\Downloads\Century_Manual_Archiver\Century_Manual_Archiver\Century_GZG50_Archive\PDFs\A_T Repair Manual [ A343E ]\AUTOMATIC TRANSMISSION\FORWARD CLUTCH\COMPONENTS [df1082a640d00a0fafb4a060503b8464].pdf
TEA-ATM-9D5599E1AE,COMPONENTS,Automatic Transmission Manual,Transmission,2,0,2,C:\Users\pangw\Downloads\Century_Manual_Archiver\Century_Manual_Archiver\Century_GZG50_Archive\PDFs\A_T Repair Manual [ A343E ]\AUTOMATIC TRANSMISSION\FRONT PLANETARY GEAR\COMPONENTS [9d5599e1ae29dcf7e7f8fe2cfda4d813].pdf
TEA-ATM-7A9032EFD8,COMPONENTS,Automatic Transmission Manual,Transmission,2,0,2,C:\Users\pangw\Downloads\Century_Manual_Archiver\Century_Manual_Archiver\Century_GZG50_Archive\PDFs\A_T Repair Manual [ A343E ]\AUTOMATIC TRANSMISSION\SECOND BRAKE\COMPONENTS [7a9032efd8e050dc126a59ab56d41343].pdf
TEA-ATM-DC2A1155C4,COMPONENTS,Automatic Transmission Manual,Transmission,3,0,3,C:\Users\pangw\Downloads\Century_Manual_Archiver\Century_Manual_Archiver\Century_GZG50_Archive\PDFs\A_T Repair Manual [ A343E ]\AUTOMATIC TRANSMISSION\REAR PLANETARY GEAR\COMPONENTS [dc2a1155c4b3912f48e5573c63e13fe2].pdf
TEA-ATM-899BDBA2F6,COMPONENTS,Automatic Transmission Manual,Transmission,2,0,2,C:\Users\pangw\Downloads\Century_Manual_Archiver\Century_Manual_Archiver\Century_GZG50_Archive\PDFs\A_T Repair Manual [ A343E ]\AUTOMATIC TRANSMISSION\FIRST AND REVERSE BRAKE\COMPONENTS [899bdba2f6d7369eeaacccfef0b971f9].pdf
TEA-ATM-291EE98FB0,COMPONENTS,Automatic Transmission Manual,Transmission,2,0,2,C:\Users\pangw\Downloads\Century_Manual_Archiver\Century_Manual_Archiver\Century_GZG50_Archive\PDFs\A_T Repair Manual [ A343E ]\AUTOMATIC TRANSMISSION\VALVE BODY\COMPONENTS [291ee98fb013d946efdc65263ca97dff].pdf
TEA-ATM-EE402DD205,COMPONENTS,Automatic Transmission Manual,Transmission,1,0,1,C:\Users\pangw\Downloads\Century_Manual_Archiver\Century_Manual_Archiver\Century_GZG50_Archive\PDFs\A_T Repair Manual [ A343E ]\AUTOMATIC TRANSMISSION\UPPER VALVE BODY\COMPONENTS [ee402dd2052022fd65256d6b81e3090a].pdf
TEA-ATM-6F2B4241BB,COMPONENTS,Automatic Transmission Manual,Transmission,1,0,1,C:\Users\pangw\Downloads\Century_Manual_Archiver\Century_Manual_Archiver\Century_GZG50_Archive\PDFs\A_T Repair Manual [ A343E ]\AUTOMATIC TRANSMISSION\LOWER VALVE BODY\COMPONENTS [6f2b4241bb722d4d0ae890ae778888c5].pdf
TEA-ATM-B56534ABD4,DIRECT CLUTCH ASSEMBLY,Automatic Transmission Manual,Transmission,2,0,2,C:\Users\pangw\Downloads\Century_Manual_Archiver\Century_Manual_Archiver\Century_GZG50_Archive\PDFs\A_T Repair Manual [ A343E ]\AUTOMATIC TRANSMISSION\DIRECT CLUTH\DIRECT CLUTCH ASSEMBLY [b56534abd4b20b1421553dac14f2e8f9].pdf
TEA-ATM-C530DE5E13,DIRECT CLUTCH INSPECTION,Automatic Transmission Manual,Transmission,1,0,1,C:\Users\pangw\Downloads\Century_Manual_Archiver\Century_Manual_Archiver\Century_GZG50_Archive\PDFs\A_T Repair Manual [ A343E ]\AUTOMATIC TRANSMISSION\DIRECT CLUTH\DIRECT CLUTCH INSPECTION [c530de5e13c3f3edd20d58a203ab8891].pdf
TEA-ATM-F0EE1505EA,EXTENSION HOUSING DISASSEMBLY,Automatic Transmission Manual,Transmission,2,0,2,C:\Users\pangw\Downloads\Century_Manual_Archiver\Century_Manual_Archiver\Century_GZG50_Archive\PDFs\A_T Repair Manual [ A343E ]\AUTOMATIC TRANSMISSION\EXTENSION HOUSING\EXTENSION HOUSING DISASSEMBLY [f0ee1505eae6f08a0f612d242efc2021].pdf
TEA-ATM-29268BE482,FIRST AND REVERSE BRAKE ASSEMBLY,Automatic Transmission Manual,Transmission,2,0,2,C:\Users\pangw\Downloads\Century_Manual_Archiver\Century_Manual_Archiver\Century_GZG50_Archive\PDFs\A_T Repair Manual [ A343E ]\AUTOMATIC TRANSMISSION\FIRST AND REVERSE BRAKE\FIRST AND REVERSE BRAKE ASSEMBLY [29268be482760eb38a43712210c972ae].pdf
TEA-ATM-273985E56B,FIRST AND REVERSE BRAKE INSPECTION,Automatic Transmission Manual,Transmission,1,0,1,C:\Users\pangw\Downloads\Century_Manual_Archiver\Century_Manual_Archiver\Century_GZG50_Archive\PDFs\A_T Repair Manual [ A343E ]\AUTOMATIC TRANSMISSION\FIRST AND REVERSE BRAKE\FIRST AND REVERSE BRAKE INSPECTION [273985e56b01e56e8f7628e6fe4a6c18].pdf
TEA-ATM-8CB27E85A5,FORWARD CLUTCH ASSEMBLY,Automatic Transmission Manual,Transmission,2,0,2,C:\Users\pangw\Downloads\Century_Manual_Archiver\Century_Manual_Archiver\Century_GZG50_Archive\PDFs\A_T Repair Manual [ A343E ]\AUTOMATIC TRANSMISSION\FORWARD CLUTCH\FORWARD CLUTCH ASSEMBLY [8cb27e85a598342ab7694ff28df857c0].pdf
TEA-ATM-76A1868914,FORWARD CLUTCH INSPECTION,Automatic Transmission Manual,Transmission,1,0,1,C:\Users\pangw\Downloads\Century_Manual_Archiver\Century_Manual_Archiver\Century_GZG50_Archive\PDFs\A_T Repair Manual [ A343E ]\AUTOMATIC TRANSMISSION\FORWARD CLUTCH\FORWARD CLUTCH INSPECTION [76a18689142023f5e3080fe0e044fc31].pdf
TEA-ATM-503A8A4FCA,FRONT PLANETARY GEAR INSPECTION,Automatic Transmission Manual,Transmission,2,0,2,C:\Users\pangw\Downloads\Century_Manual_Archiver\Century_Manual_Archiver\Century_GZG50_Archive\PDFs\A_T Repair Manual [ A343E ]\AUTOMATIC TRANSMISSION\FRONT PLANETARY GEAR\FRONT PLANETARY GEAR INSPECTION [503a8a4fca63618b8dcef759ddcd26cc].pdf
TEA-ATM-69B2D5E1A7,GENERAL DESCRIPTION,Automatic Transmission Manual,Transmission,2,0,2,C:\Users\pangw\Downloads\Century_Manual_Archiver\Century_Manual_Archiver\Century_GZG50_Archive\PDFs\A_T Repair Manual [ A343E ]\AUTOMATIC TRANSMISSION\DESCRIPTION\GENERAL DESCRIPTION [69b2d5e1a73b17fbafab96667960a9dd].pdf
TEA-ATM-E026494410,GENERAL NOTES,Automatic Transmission Manual,Transmission,1,0,1,C:\Users\pangw\Downloads\Century_Manual_Archiver\Century_Manual_Archiver\Century_GZG50_Archive\PDFs\A_T Repair Manual [ A343E ]\AUTOMATIC TRANSMISSION\COMPONENT PARTS\GENERAL NOTES [e02649441045edf971d80f4e0e481887].pdf
TEA-ATM-39F65A9313,GENERAL REPAIR INSTRUCTIONS,Automatic Transmission Manual,Transmission,2,0,2,C:\Users\pangw\Downloads\Century_Manual_Archiver\Century_Manual_Archiver\Century_GZG50_Archive\PDFs\A_T Repair Manual [ A343E ]\INTRODUCTION\GENERAL REPAIR INSTRUCTIONS [39f65a931384dde14493ed00da1ecc5c].pdf
TEA-ATM-2E60C2902A,HOW TO USE THIS MANUAL,Automatic Transmission Manual,Transmission,3,0,3,C:\Users\pangw\Downloads\Century_Manual_Archiver\Century_Manual_Archiver\Century_GZG50_Archive\PDFs\A_T Repair Manual [ A343E ]\INTRODUCTION\HOW TO USE THIS MANUAL [2e60c2902af7be64e1380611046fdfd8].pdf
TEA-ATM-3F941CA704,LUBRICANT,Automatic Transmission Manual,Transmission,1,0,1,C:\Users\pangw\Downloads\Century_Manual_Archiver\Century_Manual_Archiver\Century_GZG50_Archive\PDFs\A_T Repair Manual [ A343E ]\AUTOMATIC TRANSMISSION\PREPARATION\LUBRICANT [3f941ca70477fc52ac177b3bd1030273].pdf
TEA-ATM-B15E8F625F,OIL PUMP BUSHING CHECK,Automatic Transmission Manual,Transmission,2,0,2,C:\Users\pangw\Downloads\Century_Manual_Archiver\Century_Manual_Archiver\Century_GZG50_Archive\PDFs\A_T Repair Manual [ A343E ]\AUTOMATIC TRANSMISSION\OIL PUMP\OIL PUMP BUSHING CHECK [b15e8f625f86f69c8369f918190dc9c8].pdf
TEA-ATM-5B56115AD2,OPERATION,Automatic Transmission Manual,Transmission,6,0,6,C:\Users\pangw\Downloads\Century_Manual_Archiver\Century_Manual_Archiver\Century_GZG50_Archive\PDFs\A_T Repair Manual [ A343E ]\AUTOMATIC TRANSMISSION\OPERATION [5b56115ad2148da5f349099218eaab6c].pdf
TEA-ATM-048AE59FA7,OVERDRIVE BRAKE INSPECTION,Automatic Transmission Manual,Transmission,2,0,2,C:\Users\pangw\Downloads\Century_Manual_Archiver\Century_Manual_Archiver\Century_GZG50_Archive\PDFs\A_T Repair Manual [ A343E ]\AUTOMATIC TRANSMISSION\OVERDRIVE BRAKE\OVERDRIVE BRAKE INSPECTION [048ae59fa73f778313e1ee3312734c8a].pdf
TEA-ATM-74AA5B2DAA,REAR PLANETARY GEAR INSPECTION,Automatic Transmission Manual,Transmission,3,0,3,C:\Users\pangw\Downloads\Century_Manual_Archiver\Century_Manual_Archiver\Century_GZG50_Archive\PDFs\A_T Repair Manual [ A343E ]\AUTOMATIC TRANSMISSION\REAR PLANETARY GEAR\REAR PLANETARY GEAR INSPECTION [74aa5b2daad15d30199c82b6903f8bc0].pdf
TEA-ATM-7D0208F2FF,RECOMMENDED TOOLS,Automatic Transmission Manual,Transmission,2,0,2,C:\Users\pangw\Downloads\Century_Manual_Archiver\Century_Manual_Archiver\Century_GZG50_Archive\PDFs\A_T Repair Manual [ A343E ]\AUTOMATIC TRANSMISSION\PREPARATION\RECOMMENDED TOOLS [7d0208f2ff002e3cab4499f5570a3019].pdf
TEA-ATM-D5C48A32EB,RETAINERS AND CHECK BALLS LOCATION,Automatic Transmission Manual,Transmission,2,0,2,C:\Users\pangw\Downloads\Century_Manual_Archiver\Century_Manual_Archiver\Century_GZG50_Archive\PDFs\A_T Repair Manual [ A343E ]\AUTOMATIC TRANSMISSION\UPPER VALVE BODY\RETAINERS AND CHECK BALLS LOCATION [d5c48a32eb9d30de05b34c20d7f9619d].pdf
TEA-ATM-1E2F32DF52,RETAINERS LOCATION,Automatic Transmission Manual,Transmission,1,0,1,C:\Users\pangw\Downloads\Century_Manual_Archiver\Century_Manual_Archiver\Century_GZG50_Archive\PDFs\A_T Repair Manual [ A343E ]\AUTOMATIC TRANSMISSION\LOWER VALVE BODY\RETAINERS LOCATION [1e2f32df52d1d7e858850cf99a7ff1dc].pdf
TEA-ATM-8A0EFAF8C9,SECOND BRAKE ASSEMBLY,Automatic Transmission Manual,Transmission,1,0,1,C:\Users\pangw\Downloads\Century_Manual_Archiver\Century_Manual_Archiver\Century_GZG50_Archive\PDFs\A_T Repair Manual [ A343E ]\AUTOMATIC TRANSMISSION\SECOND BRAKE\SECOND BRAKE ASSEMBLY [8a0efaf8c9ad13ffaab3c14d45a4d99d].pdf
TEA-ATM-F9664928BA,SECOND BRAKE INSPECTION,Automatic Transmission Manual,Transmission,1,0,1,C:\Users\pangw\Downloads\Century_Manual_Archiver\Century_Manual_Archiver\Century_GZG50_Archive\PDFs\A_T Repair Manual [ A343E ]\AUTOMATIC TRANSMISSION\SECOND BRAKE\SECOND BRAKE INSPECTION [f9664928ba3f5b5b85012152ffd898b4].pdf
TEA-ATM-73A788BBFF,SECOND COAST BRAKE BAND INSPECTION,Automatic Transmission Manual,Transmission,2,0,2,C:\Users\pangw\Downloads\Century_Manual_Archiver\Century_Manual_Archiver\Century_GZG50_Archive\PDFs\A_T Repair Manual [ A343E ]\AUTOMATIC TRANSMISSION\SECOND COAST BRAKE\SECOND COAST BRAKE BAND INSPECTION [73a788bbffe87da2eec27919edfc9ea9].pdf
TEA-ATM-1186EE70A4,SERVICE DATE,Automatic Transmission Manual,Transmission,4,0,4,C:\Users\pangw\Downloads\Century_Manual_Archiver\Century_Manual_Archiver\Century_GZG50_Archive\PDFs\A_T Repair Manual [ A343E ]\AUTOMATIC TRANSMISSION\SERVICE SPECIFICATIONS\SERVICE DATE [1186ee70a48019ec94494bd968e13060].pdf
TEA-ATM-C84859C592,SST (SPECIAL SERVICE TOOLS),Automatic Transmission Manual,Transmission,2,0,2,C:\Users\pangw\Downloads\Century_Manual_Archiver\Century_Manual_Archiver\Century_GZG50_Archive\PDFs\A_T Repair Manual [ A343E ]\AUTOMATIC TRANSMISSION\PREPARATION\SST (SPECIAL SERVICE TOOLS) [c84859c592cd75f5ff9853d0f7d3caea].pdf
TEA-ATM-F52A0C19EA,STANDARD BOLT TORQUE SPECIFICATIONS,Automatic Transmission Manual,Transmission,2,0,2,C:\Users\pangw\Downloads\Century_Manual_Archiver\Century_Manual_Archiver\Century_GZG50_Archive\PDFs\A_T Repair Manual [ A343E ]\INTRODUCTION\STANDARD BOLT TORQUE SPECIFICATIONS [f52a0c19ea6bac7711b536e1fd3518dc].pdf
TEA-ATM-9674876E50,TORQUE SPECIFICATIONS,Automatic Transmission Manual,Transmission,1,0,1,C:\Users\pangw\Downloads\Century_Manual_Archiver\Century_Manual_Archiver\Century_GZG50_Archive\PDFs\A_T Repair Manual [ A343E ]\AUTOMATIC TRANSMISSION\SERVICE SPECIFICATIONS\TORQUE SPECIFICATIONS [9674876e509f585ef288086565bb5ab9].pdf
TEA-ATM-2E0ADC9430,TRANSMISSION CASE INSPECTION,Automatic Transmission Manual,Transmission,1,0,1,C:\Users\pangw\Downloads\Century_Manual_Archiver\Century_Manual_Archiver\Century_GZG50_Archive\PDFs\A_T Repair Manual [ A343E ]\AUTOMATIC TRANSMISSION\TRANSMISSION CASE\TRANSMISSION CASE INSPECTION [2e0adc94307236b3e49d2e30cf464417].pdf
TEA-ATM-A87316FF6D,TRANSMISSION DISASSEMBLY,Automatic Transmission Manual,Transmission,16,0,16,C:\Users\pangw\Downloads\Century_Manual_Archiver\Century_Manual_Archiver\Century_GZG50_Archive\PDFs\A_T Repair Manual [ A343E ]\AUTOMATIC TRANSMISSION\COMPONENT PARTS REMOVAL\TRANSMISSION DISASSEMBLY [a87316ff6ddcbc49b9db20f19a577f7e].pdf
TEA-ATM-0292A4D112,VALVE BODY ASSEMBLY,Automatic Transmission Manual,Transmission,2,0,2,C:\Users\pangw\Downloads\Century_Manual_Archiver\Century_Manual_Archiver\Century_GZG50_Archive\PDFs\A_T Repair Manual [ A343E ]\AUTOMATIC TRANSMISSION\LOWER VALVE BODY\VALVE BODY ASSEMBLY [0292a4d11262e25bae106dfd6192860e].pdf
TEA-ATM-B0C757111A,VALVE BODY SPRING SPECIFICATIONS,Automatic Transmission Manual,Transmission,1,0,1,C:\Users\pangw\Downloads\Century_Manual_Archiver\Century_Manual_Archiver\Century_GZG50_Archive\PDFs\A_T Repair Manual [ A343E ]\AUTOMATIC TRANSMISSION\UPPER VALVE BODY\VALVE BODY SPRING SPECIFICATIONS [b0c757111ad7ff0dad198c8ed44c0f02].pdf
TEA-ATM-86B1DA3083,VALVE BODY SPRINGS SPECIFICATIONS,Automatic Transmission Manual,Transmission,1,0,1,C:\Users\pangw\Downloads\Century_Manual_Archiver\Century_Manual_Archiver\Century_GZG50_Archive\PDFs\A_T Repair Manual [ A343E ]\AUTOMATIC TRANSMISSION\LOWER VALVE BODY\VALVE BODY SPRINGS SPECIFICATIONS [86b1da3083ba4ee1b625e015cf020112].pdf
